{
  "train_loss": [
    0.6857207857608795,
    0.5101816804647445,
    0.4688130037069321,
    0.44236871864795685,
    0.41801608560085296
  ],
  "train_acc": [
    56.76,
    83.49,
    87.47,
    89.98,
    92.27
  ],
  "val_loss": [
    0.6747143068313599,
    0.4264146301746368,
    0.40331412851810455,
    0.40749460768699647,
    0.3836949656009674
  ],
  "val_acc": [
    68.15,
    91.95,
    93.45,
    93.0,
    95.7
  ],
  "lr": [
    0.00015149999999999997,
    0.0003,
    0.00022524999999999995,
    7.575000000000001e-05,
    1e-06
  ]
}