{
  "train_loss": [
    0.6946908793449402,
    0.6851645028591156
  ],
  "train_acc": [
    49.3,
    59.8
  ],
  "val_loss": [
    0.6915605819225311,
    0.6737071561813355
  ],
  "val_acc": [
    53.5,
    70.5
  ],
  "lr": [
    0.00010199999999999999,
    0.00020099999999999998
  ]
}