{
  "train_loss": [
    0.5497045574206549,
    0.3909477265062772,
    0.3723559543662126,
    0.3720109331088854,
    0.3668369466150311,
    0.36200882309377574,
    0.35804829816125266,
    0.35449101036550446,
    0.35141174384558554,
    0.34870138613652635,
    0.3462634751723457,
    0.34451749340825444,
    0.34261493056669123,
    0.34037284629369363,
    0.3387619977609449,
    0.33638926796739144,
    0.33489150350744074,
    0.333834264918723,
    0.3330487994698953,
    0.33120988832164205,
    0.33058736188082016,
    0.3297799382067826,
    0.32874945529215466,
    0.32826285741545935,
    0.3278813493389174,
    0.32755595909267016,
    0.3272357574460143,
    0.32717272038267453,
    0.3268414965512353,
    0.326666991628239
  ],
  "train_acc": [
    79.73251440460947,
    94.48423495518566,
    96.09475032010243,
    96.20478553137004,
    96.59891165172856,
    96.9880361715749,
    97.31514084507042,
    97.5982314340589,
    97.91233194622279,
    98.11539692701665,
    98.32046254801537,
    98.45750640204865,
    98.608554737516,
    98.77260723431498,
    98.94966389244559,
    99.114716709347,
    99.25376120358514,
    99.33678777208706,
    99.39680697823303,
    99.54885563380282,
    99.58286651728554,
    99.65689020486556,
    99.73891645326505,
    99.79193341869399,
    99.8199423815621,
    99.83094590268887,
    99.85695422535211,
    99.87095870678617,
    99.89696702944943,
    99.90697023047375
  ],
  "val_loss": [
    0.4428754255604058,
    0.3587783988291463,
    0.3615579398485799,
    0.37140348924996375,
    0.35796399238391424,
    0.3612552779360701,
    0.3506133208830897,
    0.3488436234644808,
    0.353938310576704,
    0.35275491957847305,
    0.3464452718583921,
    0.3481022957414865,
    0.3442908578787368,
    0.3541206420420077,
    0.3428786171320528,
    0.34326215397816495,
    0.34295660352554563,
    0.3417462947460028,
    0.3439394221328699,
    0.34239871204851535,
    0.3416933156430912,
    0.34110202937842177,
    0.34047742154651556,
    0.3401395927031581,
    0.3404006512401203,
    0.3390787135297879,
    0.3397584229041212,
    0.339144012227226,
    0.3389214324875,
    0.3392317129400211
  ],
  "val_acc": [
    90.07,
    97.28,
    96.9,
    95.975,
    97.32,
    96.975,
    98.03,
    97.98,
    97.61,
    97.56,
    98.19,
    98.175,
    98.455,
    97.65,
    98.575,
    98.54,
    98.555,
    98.66,
    98.57,
    98.665,
    98.69,
    98.775,
    98.79,
    98.875,
    98.82,
    98.915,
    98.915,
    98.915,
    98.97,
    98.905
  ],
  "lr": [
    0.00010199999999999999,
    0.00020099999999999998,
    0.0003,
    0.00029898913448242047,
    0.00029597020815168366,
    0.0002909840468074933,
    0.00028409807972835016,
    0.000275405427806234,
    0.0002650236442462872,
    0.0002530931248613757,
    0.0002397752094595665,
    0.00022524999999999997,
    0.0002097139250228539,
    0.00019337708329030795,
    0.00017646040256120608,
    0.0001591926519221161,
    0.00014180734807788382,
    0.0001245395974387939,
    0.00010762291670969196,
    9.1286074977146e-05,
    7.574999999999998e-05,
    6.122479054043347e-05,
    4.790687513862432e-05,
    3.597635575371274e-05,
    2.5594572193766018e-05,
    1.6901920271649876e-05,
    1.0015953192506703e-05,
    5.029791848316339e-06,
    2.0108655175795173e-06,
    1e-06
  ]
}